CREATE TABLE "migrations" ("id" integer primary key autoincrement not null, "migration" varchar not null, "batch" integer not null);
INSERT INTO migrations (id, migration, batch) VALUES ('41', '0001_01_01_000000_create_users_table', '1');
INSERT INTO migrations (id, migration, batch) VALUES ('42', '0001_01_01_000001_create_cache_table', '1');
INSERT INTO migrations (id, migration, batch) VALUES ('43', '0001_01_01_000002_create_jobs_table', '1');
INSERT INTO migrations (id, migration, batch) VALUES ('44', '2024_11_12_102422_add_role_to_users_table', '1');
INSERT INTO migrations (id, migration, batch) VALUES ('45', '2024_11_13_082624_add_role_to_users_table', '1');
INSERT INTO migrations (id, migration, batch) VALUES ('46', '2024_11_16_164138_add_column_to_table_name', '1');
INSERT INTO migrations (id, migration, batch) VALUES ('47', '2024_11_23_000000_create_categories_table', '1');
INSERT INTO migrations (id, migration, batch) VALUES ('48', '2024_11_25_155832_create_products_table', '2');
INSERT INTO migrations (id, migration, batch) VALUES ('50', '2024_11_27_081321_add_profile_fields_to_users_table', '3');
INSERT INTO migrations (id, migration, batch) VALUES ('51', '2024_11_29_041712_create_product_images_table', '4');
INSERT INTO migrations (id, migration, batch) VALUES ('52', '2024_12_01_103448_remove_images_from_products', '5');
INSERT INTO migrations (id, migration, batch) VALUES ('53', '2024_12_02_054402_add_google_id_to_users_table', '6');
INSERT INTO migrations (id, migration, batch) VALUES ('54', '2024_12_07_071807_create_messages_table', '7');
INSERT INTO migrations (id, migration, batch) VALUES ('55', '2024_12_09_093941_create_product_reviews_table', '8');
INSERT INTO migrations (id, migration, batch) VALUES ('56', '2024_12_10_130350_add_thumbnail_image_id_to_products_table', '9');
INSERT INTO migrations (id, migration, batch) VALUES ('59', '2024_12_10_130350_add_is_thumbnail_image_id_to_products_table', '10');
INSERT INTO migrations (id, migration, batch) VALUES ('63', '2018_08_08_100000_create_telescope_entries_table', '11');
INSERT INTO migrations (id, migration, batch) VALUES ('64', '2024_12_10_165042_add_thumbnail_image_path_to_products_table', '12');
INSERT INTO migrations (id, migration, batch) VALUES ('65', '2024_12_12_153912_add_is_thumbnail_to_product_images_table', '12');
CREATE TABLE "users" ("id" integer primary key autoincrement not null, "name" varchar not null, "email" varchar not null, "email_verified_at" datetime, "password" varchar not null, "remember_token" varchar, "created_at" datetime, "updated_at" datetime, "role" varchar not null, "profile_picture" varchar, "about_us" text, "business_type" varchar, "phone" varchar, "address" varchar, "google_id" varchar);
INSERT INTO users (id, name, email, email_verified_at, password, remember_token, created_at, updated_at, role, profile_picture, about_us, business_type, phone, address, google_id) VALUES ('3', 'Test User', 'test_fZjPb@example.com', '2024-11-28 05:56:29', '$2y$12$gytBarK2b2IyFqWK/u1Y1.EiIWKRAWyK94dsUwUX/q7oH9g/LpDPO', '6e3AjdEibI', '2024-11-28 05:56:30', '2024-11-28 05:56:30', 'user', '', '', '', '', '', '');
INSERT INTO users (id, name, email, email_verified_at, password, remember_token, created_at, updated_at, role, profile_picture, about_us, business_type, phone, address, google_id) VALUES ('4', 'sk kondalkar', 'sk@gmail.com', '', '$2y$12$JedYw26FrODw6e1CB8IPS.rw/QlDxh2VpHZ9NR9SlA.koAk3EN77S', '', '2024-11-28 05:57:29', '2024-11-29 03:51:27', 'seller', 'profile_pictures/08uyCRZvlWRCYZfoVEh7gL0nQ0RYPKdvxaBnTgri.png', 'it''s test run', 'manufacture', '1234567890', 'ST 123', '');
INSERT INTO users (id, name, email, email_verified_at, password, remember_token, created_at, updated_at, role, profile_picture, about_us, business_type, phone, address, google_id) VALUES ('5', 'Test User', 'test@example.com', '', '$2y$12$G5us0bOOIKDmlhRdTLuqb.0vG/6cokM3hbvK38qmVupgiuPNA4bpS', '', '2024-11-28 07:37:38', '2024-11-28 07:37:38', 'buyer', '', '', '', '', '', '');
INSERT INTO users (id, name, email, email_verified_at, password, remember_token, created_at, updated_at, role, profile_picture, about_us, business_type, phone, address, google_id) VALUES ('6', 'sk kondalkar', 'sk123dark@gmail.com', '', '$2y$12$OS3XjYkOApTvJf7SZ/GZBuRFYrqgcC2x.Et/kjRPscciei/CPz4oy', '', '2024-12-02 16:41:56', '2024-12-13 13:05:18', 'seller', 'profile_pictures/2sJNHankPaQwt4x7BLpgKYLvkArC9clkBYzHM7ax.png', 'test run 1', 'apparel_clothing_garments', '1234567890', 'ST 123', '');
INSERT INTO users (id, name, email, email_verified_at, password, remember_token, created_at, updated_at, role, profile_picture, about_us, business_type, phone, address, google_id) VALUES ('7', 'TEST', 'tes@example.com', '', '$2y$12$ORtISfMsYZFCDc13wX/.iO.ZwSJ0TZtVP2RGnYtIEixc5Vt2/QM0a', '', '2024-12-23 14:12:37', '2024-12-23 14:15:21', 'buyer', 'profile_pictures/0X0vwTRqr2xmvuV2F0EQeiAayMMzhsKim6WvsXaL.png', 'test run', 'electronics_electrical_goods_supplies', '1234567891', 'ST 123 test', '');
CREATE TABLE "password_reset_tokens" ("email" varchar not null, "token" varchar not null, "created_at" datetime, primary key ("email"));
INSERT INTO password_reset_tokens (email, token, created_at) VALUES ('sk@gmail.com', '$2y$12$v8.L04SJPDeaotGF9/bpUeZnXI9fBvqRc4ZgN/8Kx9Dcxzh.hQXP6', '2024-12-02 09:17:31');
INSERT INTO password_reset_tokens (email, token, created_at) VALUES ('sk123dark@gmail.com', '$2y$12$2UcXKLZWIU3QjFQ.SoIojOxovDpCYqu0a/ZAlKuw3HqS/2BZvvlka', '2024-12-15 04:45:56');
CREATE TABLE "sessions" ("id" varchar not null, "user_id" integer, "ip_address" varchar, "user_agent" text, "payload" text not null, "last_activity" integer not null, primary key ("id"));
INSERT INTO sessions (id, user_id, ip_address, user_agent, payload, last_activity) VALUES ('lRlLFuKS0oaEQHGnd9WaxlKw6r4LhKil7WmR9ney', '', '127.0.0.1', 'Mozilla/5.0 (Windows NT 10.0; Win64; x64) AppleWebKit/537.36 (KHTML, like Gecko) Chrome/131.0.0.0 Safari/537.36 Edg/131.0.0.0', 'YTozOntzOjY6Il90b2tlbiI7czo0MDoieUNqM0dwQ1VRMGZDNkZURWVJYUNUNDZ0NnRFN0RtS2NpVGlJVzlWUyI7czo5OiJfcHJldmlvdXMiO2E6MTp7czozOiJ1cmwiO3M6OTE6Imh0dHA6Ly8xMjcuMC4wLjE6ODAwMC90ZWxlc2NvcGUvdGVsZXNjb3BlLWFwaS9jb21tYW5kcy85ZGNhYzgwOC0zOTgwLTRjNGEtOTdiOC03MDM5MjBmODg5ZTEiO31zOjY6Il9mbGFzaCI7YToyOntzOjM6Im9sZCI7YTowOnt9czozOiJuZXciO2E6MDp7fX19', '1734960736');
INSERT INTO sessions (id, user_id, ip_address, user_agent, payload, last_activity) VALUES ('mkD4AP186vyMAfniJKfrGS0RL5lRT9Gl11VKrrYW', '6', '127.0.0.1', 'Mozilla/5.0 (Windows NT 10.0; Win64; x64) AppleWebKit/537.36 (KHTML, like Gecko) Chrome/131.0.0.0 Safari/537.36 Edg/131.0.0.0', 'YTo0OntzOjY6Il90b2tlbiI7czo0MDoiNEJLeXJNeHFrczlmNEhjQ3hJQVpNM0lNOWxCcnFDT3VhV3B2cGdnSCI7czo2OiJfZmxhc2giO2E6Mjp7czozOiJvbGQiO2E6MDp7fXM6MzoibmV3IjthOjA6e319czo5OiJfcHJldmlvdXMiO2E6MTp7czozOiJ1cmwiO3M6MjE6Imh0dHA6Ly9sb2NhbGhvc3Q6ODAwMCI7fXM6NTA6ImxvZ2luX3dlYl81OWJhMzZhZGRjMmIyZjk0MDE1ODBmMDE0YzdmNThlYTRlMzA5ODlkIjtpOjY7fQ==', '1734964201');
CREATE TABLE "cache" ("key" varchar not null, "value" text not null, "expiration" integer not null, primary key ("key"));
CREATE TABLE "cache_locks" ("key" varchar not null, "owner" varchar not null, "expiration" integer not null, primary key ("key"));
CREATE TABLE "jobs" ("id" integer primary key autoincrement not null, "queue" varchar not null, "payload" text not null, "attempts" integer not null, "reserved_at" integer, "available_at" integer not null, "created_at" integer not null);
CREATE TABLE "job_batches" ("id" varchar not null, "name" varchar not null, "total_jobs" integer not null, "pending_jobs" integer not null, "failed_jobs" integer not null, "failed_job_ids" text not null, "options" text, "cancelled_at" integer, "created_at" integer not null, "finished_at" integer, primary key ("id"));
CREATE TABLE "failed_jobs" ("id" integer primary key autoincrement not null, "uuid" varchar not null, "connection" text not null, "queue" text not null, "payload" text not null, "exception" text not null, "failed_at" datetime not null default CURRENT_TIMESTAMP);
CREATE TABLE "categories" ("id" integer primary key autoincrement not null, "name" varchar not null, "image" varchar not null, "created_at" datetime, "updated_at" datetime);
INSERT INTO categories (id, name, image, created_at, updated_at) VALUES ('1', 'Electronics', 'default-electronics.png', '2024-11-29 03:46:46', '2024-11-29 03:46:46');
INSERT INTO categories (id, name, image, created_at, updated_at) VALUES ('2', 'Clothing', 'default-clothing.png', '2024-11-29 03:47:06', '2024-11-29 03:47:06');
INSERT INTO categories (id, name, image, created_at, updated_at) VALUES ('3', 'Chemicals', 'default-chemicals.png', '2024-11-29 03:47:07', '2024-11-29 03:47:07');
INSERT INTO categories (id, name, image, created_at, updated_at) VALUES ('4', 'Machinery', 'default-machinery.png', '2024-11-29 03:47:08', '2024-11-29 03:47:08');
INSERT INTO categories (id, name, image, created_at, updated_at) VALUES ('5', 'Food & Beverages', 'default-food.png', '2024-11-29 03:47:08', '2024-11-29 03:47:08');
CREATE TABLE "product_images" ("id" integer primary key autoincrement not null, "product_id" integer not null, "image_path" varchar not null, "created_at" datetime, "updated_at" datetime, "is_thumbnail" tinyint(1) not null default '0', foreign key("product_id") references "products"("id") on delete cascade);
INSERT INTO product_images (id, product_id, image_path, created_at, updated_at, is_thumbnail) VALUES ('11', '4', 'product_images/1733035611_674c065b3d38d.jpg', '2024-12-01 06:46:51', '2024-12-01 06:46:51', '0');
INSERT INTO product_images (id, product_id, image_path, created_at, updated_at, is_thumbnail) VALUES ('12', '2', 'product_images/1733049599_674c3cff0bc61.jpg', '2024-12-01 10:39:59', '2024-12-01 10:39:59', '0');
INSERT INTO product_images (id, product_id, image_path, created_at, updated_at, is_thumbnail) VALUES ('13', '1', 'product_images/1733053237_674c4b3505e93.jpg', '2024-12-01 11:40:37', '2024-12-01 11:40:37', '0');
INSERT INTO product_images (id, product_id, image_path, created_at, updated_at, is_thumbnail) VALUES ('14', '3', 'product_images/1733053256_674c4b484aa88.jpg', '2024-12-01 11:40:56', '2024-12-01 11:40:56', '0');
INSERT INTO product_images (id, product_id, image_path, created_at, updated_at, is_thumbnail) VALUES ('15', '5', 'product_images/1733053301_674c4b7541a0f.jpg', '2024-12-01 11:41:41', '2024-12-01 11:41:41', '0');
INSERT INTO product_images (id, product_id, image_path, created_at, updated_at, is_thumbnail) VALUES ('28', '8', 'product_images/rrtzxpoR6vsfxC3o0eEod3ccS3w7bmxLi2zqJG1P.jpg', '2024-12-10 07:49:09', '2024-12-23 13:56:07', '0');
INSERT INTO product_images (id, product_id, image_path, created_at, updated_at, is_thumbnail) VALUES ('29', '8', 'product_images/14wgApnFJ8etNSVVSOUa64ywsMdi5HzPR02auinu.jpg', '2024-12-10 13:08:39', '2024-12-23 13:56:07', '0');
INSERT INTO product_images (id, product_id, image_path, created_at, updated_at, is_thumbnail) VALUES ('31', '8', 'product_images/BYvUN2po65f61nebcvWvOuElZ8hBTFvgehJD2ojU.jpg', '2024-12-13 14:31:14', '2024-12-23 13:56:07', '0');
INSERT INTO product_images (id, product_id, image_path, created_at, updated_at, is_thumbnail) VALUES ('38', '13', 'product_images/2DafPD2LcItQ9M3RO3ksm8p1bJCqGqnVF9PiICZe.jpg', '2024-12-14 13:15:15', '2024-12-23 14:08:15', '0');
INSERT INTO product_images (id, product_id, image_path, created_at, updated_at, is_thumbnail) VALUES ('39', '13', 'product_images/4v8VsNJCtnIIPUKIBzh8QKfQYlFX9AWd6nsGI2TP.jpg', '2024-12-14 13:15:16', '2024-12-23 14:08:14', '0');
INSERT INTO product_images (id, product_id, image_path, created_at, updated_at, is_thumbnail) VALUES ('40', '14', 'product_images/KUvr7Xyvxk5ScE5NfUvutNlLUq3l1XtYfrltkw2N.jpg', '2024-12-19 15:30:11', '2024-12-21 12:14:09', '0');
INSERT INTO product_images (id, product_id, image_path, created_at, updated_at, is_thumbnail) VALUES ('41', '14', 'product_images/Q16f8aSWgTAr2AM5g5wlWJCERHzs5SXMPtAGNXol.jpg', '2024-12-19 15:30:11', '2024-12-21 12:14:08', '0');
INSERT INTO product_images (id, product_id, image_path, created_at, updated_at, is_thumbnail) VALUES ('42', '15', 'product_images/ehJN5uhA1lIY4YfW1xpm3MA0jX4XKlmWMEezNTTR.jpg', '2024-12-23 14:25:46', '2024-12-23 14:25:46', '0');
INSERT INTO product_images (id, product_id, image_path, created_at, updated_at, is_thumbnail) VALUES ('43', '15', 'product_images/jKKO3SOw0EsXyDbULemEDUpnFpMPnT6gGcZp7BG5.jpg', '2024-12-23 14:25:46', '2024-12-23 14:25:46', '0');
CREATE TABLE "messages" ("id" integer primary key autoincrement not null, "sender_id" integer not null, "receiver_id" integer not null, "content" text not null, "created_at" datetime, "updated_at" datetime, foreign key("sender_id") references "users"("id") on delete cascade, foreign key("receiver_id") references "users"("id") on delete cascade);
CREATE TABLE "product_reviews" ("id" integer primary key autoincrement not null, "product_id" integer not null, "user_id" integer not null, "rating" integer not null, "review" text not null, "created_at" datetime, "updated_at" datetime, foreign key("product_id") references "products"("id") on delete cascade, foreign key("user_id") references "users"("id") on delete cascade);
INSERT INTO product_reviews (id, product_id, user_id, rating, review, created_at, updated_at) VALUES ('1', '13', '6', '5', 'test review', '2024-12-15 07:02:32', '2024-12-15 07:02:32');
CREATE TABLE "products" ("id" integer primary key autoincrement not null, "title" varchar not null, "description" text, "price" numeric not null, "category_id" integer not null, "user_id" integer not null, "created_at" datetime, "updated_at" datetime, "thumbnail_image_id" integer, "is_thumbnail" integer, "thumbnail_image_path" varchar, foreign key("thumbnail_image_id") references product_images("id") on delete set null on update no action, foreign key("category_id") references categories("id") on delete cascade on update no action, foreign key("user_id") references users("id") on delete cascade on update no action, foreign key("is_thumbnail") references "product_images"("id") on delete set null);
INSERT INTO products (id, title, description, price, category_id, user_id, created_at, updated_at, thumbnail_image_id, is_thumbnail, thumbnail_image_path) VALUES ('1', 'Demo', 'Demo product', '100', '2', '4', '2024-11-29 03:54:50', '2024-12-01 14:11:12', '', '', '');
INSERT INTO products (id, title, description, price, category_id, user_id, created_at, updated_at, thumbnail_image_id, is_thumbnail, thumbnail_image_path) VALUES ('2', 'Demo', 'demo product', '1000', '2', '4', '2024-11-29 04:37:46', '2024-11-29 04:37:46', '', '', '');
INSERT INTO products (id, title, description, price, category_id, user_id, created_at, updated_at, thumbnail_image_id, is_thumbnail, thumbnail_image_path) VALUES ('3', 'Demo', 'demo product', '100', '2', '4', '2024-11-30 08:57:38', '2024-12-01 11:40:56', '', '', '');
INSERT INTO products (id, title, description, price, category_id, user_id, created_at, updated_at, thumbnail_image_id, is_thumbnail, thumbnail_image_path) VALUES ('4', 'Demo', 'demo product', '100', '2', '4', '2024-12-01 06:46:51', '2024-12-01 14:11:36', '', '', '');
INSERT INTO products (id, title, description, price, category_id, user_id, created_at, updated_at, thumbnail_image_id, is_thumbnail, thumbnail_image_path) VALUES ('5', 'Demo', 'demo product', '100', '2', '4', '2024-12-01 11:41:41', '2024-12-01 11:41:41', '', '', '');
INSERT INTO products (id, title, description, price, category_id, user_id, created_at, updated_at, thumbnail_image_id, is_thumbnail, thumbnail_image_path) VALUES ('8', 'Demo', 'demo product', '100', '2', '6', '2024-12-10 06:04:55', '2024-12-23 13:56:06', '28', '', '');
INSERT INTO products (id, title, description, price, category_id, user_id, created_at, updated_at, thumbnail_image_id, is_thumbnail, thumbnail_image_path) VALUES ('13', 'Demo', 'demo product', '100', '2', '6', '2024-12-14 13:15:14', '2024-12-23 14:08:14', '38', '', '');
INSERT INTO products (id, title, description, price, category_id, user_id, created_at, updated_at, thumbnail_image_id, is_thumbnail, thumbnail_image_path) VALUES ('14', 'Demo', 'demoproduct', '100', '2', '6', '2024-12-19 15:30:10', '2024-12-21 12:14:08', '40', '', '');
INSERT INTO products (id, title, description, price, category_id, user_id, created_at, updated_at, thumbnail_image_id, is_thumbnail, thumbnail_image_path) VALUES ('15', 'DEMO ELECTRONIC', 'DEMO PRODUCT', '1000', '1', '7', '2024-12-23 14:25:45', '2024-12-23 14:25:46', '42', '', '');
CREATE TABLE "telescope_entries" ("sequence" integer primary key autoincrement not null, "uuid" varchar not null, "batch_id" varchar not null, "family_hash" varchar, "should_display_on_index" tinyint(1) not null default '1', "type" varchar not null, "content" text not null, "created_at" datetime);
INSERT INTO telescope_entries (sequence, uuid, batch_id, family_hash, should_display_on_index, type, content, created_at) VALUES ('1', '9dcc6f13-61cc-4ecf-b777-abf1660c7db0', '9dcc6f17-aa78-4cc8-8482-8b8de3f4ed1e', '', '1', 'event', '{"name":"cache:clearing","payload":[null,[]],"listeners":[],"broadcast":false,"hostname":"DESKTOP-BDMSOGQ"}', '2024-12-24 04:13:44');
INSERT INTO telescope_entries (sequence, uuid, batch_id, family_hash, should_display_on_index, type, content, created_at) VALUES ('2', '9dcc6f14-534e-44e4-90cb-b77a123286ad', '9dcc6f17-aa78-4cc8-8482-8b8de3f4ed1e', '', '1', 'query', '{"connection":"sqlite","bindings":[],"sql":"delete from \"cache\"","time":"249.84","slow":true,"file":"C:\\online-marketplace\\artisan","line":13,"hash":"e52b7f05dc3dc651bce9d2722060d882","hostname":"DESKTOP-BDMSOGQ"}', '2024-12-24 04:13:44');
INSERT INTO telescope_entries (sequence, uuid, batch_id, family_hash, should_display_on_index, type, content, created_at) VALUES ('3', '9dcc6f15-889d-43e6-8831-5ba9b603e2e7', '9dcc6f17-aa78-4cc8-8482-8b8de3f4ed1e', '', '1', 'event', '{"name":"cache:cleared","payload":[null,[]],"listeners":[],"broadcast":false,"hostname":"DESKTOP-BDMSOGQ"}', '2024-12-24 04:13:45');
INSERT INTO telescope_entries (sequence, uuid, batch_id, family_hash, should_display_on_index, type, content, created_at) VALUES ('4', '9dcc6f16-9d8e-486a-b8ea-1bb0dc1ba9ec', '9dcc6f17-aa78-4cc8-8482-8b8de3f4ed1e', '', '1', 'command', '{"command":"cache:clear","exit_code":0,"arguments":{"command":"cache:clear","store":null},"options":{"tags":null,"help":false,"silent":false,"quiet":false,"verbose":false,"version":false,"ansi":null,"no-interaction":false,"env":null},"hostname":"DESKTOP-BDMSOGQ"}', '2024-12-24 04:13:46');
INSERT INTO telescope_entries (sequence, uuid, batch_id, family_hash, should_display_on_index, type, content, created_at) VALUES ('5', '9dcc6f1a-6a4e-429c-8b34-991c150995a7', '9dcc6f1a-73dc-4334-a17a-33b2582fab68', '', '1', 'command', '{"command":"config:clear","exit_code":0,"arguments":{"command":"config:clear"},"options":{"help":false,"silent":false,"quiet":false,"verbose":false,"version":false,"ansi":null,"no-interaction":false,"env":null},"hostname":"DESKTOP-BDMSOGQ"}', '2024-12-24 04:13:48');
INSERT INTO telescope_entries (sequence, uuid, batch_id, family_hash, should_display_on_index, type, content, created_at) VALUES ('6', '9dcc6f1c-5a2d-4c5f-9055-c1740475d373', '9dcc6f1c-6392-4b87-b5fb-336c3a16ef8a', '', '1', 'command', '{"command":"route:clear","exit_code":0,"arguments":{"command":"route:clear"},"options":{"help":false,"silent":false,"quiet":false,"verbose":false,"version":false,"ansi":null,"no-interaction":false,"env":null},"hostname":"DESKTOP-BDMSOGQ"}', '2024-12-24 04:13:50');
INSERT INTO telescope_entries (sequence, uuid, batch_id, family_hash, should_display_on_index, type, content, created_at) VALUES ('7', '9dcc6f23-52e7-42fe-964d-6b4f345aa0e0', '9dcc6f23-5cb8-4998-aca2-33dc68b20e4a', '', '1', 'command', '{"command":"view:clear","exit_code":0,"arguments":{"command":"view:clear"},"options":{"help":false,"silent":false,"quiet":false,"verbose":false,"version":false,"ansi":null,"no-interaction":false,"env":null},"hostname":"DESKTOP-BDMSOGQ"}', '2024-12-24 04:13:54');
CREATE TABLE "telescope_entries_tags" ("entry_uuid" varchar not null, "tag" varchar not null, foreign key("entry_uuid") references "telescope_entries"("uuid") on delete cascade, primary key ("entry_uuid", "tag"));
INSERT INTO telescope_entries_tags (entry_uuid, tag) VALUES ('9dcc6f14-534e-44e4-90cb-b77a123286ad', 'slow');
CREATE TABLE "telescope_monitoring" ("tag" varchar not null, primary key ("tag"));
